finger,acc_x,acc_y,acc_z,orientation,quat_w,quat_x,quat_y,quat_z,target
INDEX,-0.895,-0.094,0.239,Left,0.675,-0.379,0.45,0.445,A
PALM,1.027,0.133,0.065,Towards you,-0.717,-0.235,0.622,-0.209,A
MIDDLE,-0.976,-0.062,0.082,Away from you,0.71,-0.218,0.643,0.187,A
THUMB,0.828,-0.582,0.213,Right,0.265,0.323,-0.573,0.705,A
INDEX,-0.88,-0.078,0.235,Left,0.669,-0.384,0.447,0.452,A
PALM,1.031,0.134,0.058,Towards you,-0.717,-0.23,0.625,-0.204,A
PINKY,-0.844,0.405,0.212,Towards you,-0.098,-0.579,0.196,0.785,A
RING,-0.936,0.158,-0.136,Left,0.522,-0.351,0.661,0.41,A
MIDDLE,-0.973,-0.047,0.095,Away from you,0.708,-0.223,0.643,0.191,A
THUMB,0.834,-0.575,0.185,Right,0.271,0.318,-0.576,0.703,A
INDEX,-0.913,-0.095,0.214,Left,0.666,-0.388,0.445,0.456,A
PALM,1.013,0.135,0.057,Towards you,-0.719,-0.224,0.628,-0.196,A
PINKY,-0.811,0.465,0.223,Towards you,-0.118,-0.58,0.187,0.784,A
RING,-0.938,0.217,-0.117,Left,0.515,-0.354,0.656,0.422,A
MIDDLE,-0.969,-0.011,0.113,Away from you,0.707,-0.223,0.64,0.201,A
THUMB,0.842,-0.565,0.204,Right,0.278,0.319,-0.572,0.703,A
INDEX,-0.889,-0.079,0.232,Left,0.658,-0.39,0.438,0.472,A
PALM,1.036,0.148,0.034,Towards you,-0.721,-0.223,0.626,-0.199,A
PINKY,-0.828,0.38,0.257,Towards you,-0.141,-0.587,0.16,0.781,A
RING,-0.933,0.146,-0.073,Left,0.51,-0.377,0.641,0.433,A
MIDDLE,-0.955,-0.051,0.137,Away from you,0.708,-0.241,0.63,0.211,A
THUMB,0.836,-0.56,0.22,Right,0.273,0.324,-0.577,0.698,A
INDEX,-0.905,-0.058,0.227,Left,0.653,-0.399,0.425,0.482,A
PALM,1.034,0.143,0.042,Towards you,-0.725,-0.224,0.622,-0.196,A
PINKY,-0.824,0.387,0.278,Towards you,-0.168,-0.581,0.14,0.784,A
RING,-0.937,0.159,-0.074,Left,0.509,-0.385,0.625,0.449,A
MIDDLE,-0.965,-0.055,0.152,Away from you,0.715,-0.244,0.618,0.219,A
THUMB,0.858,-0.543,0.178,Right,0.281,0.331,-0.581,0.688,A
INDEX,-0.859,-0.102,0.291,Left,0.658,-0.398,0.408,0.492,A
PALM,1.015,0.161,0.111,Towards you,-0.737,-0.216,0.613,-0.186,A
PINKY,-0.819,0.408,0.272,Towards you,-0.178,-0.573,0.134,0.788,A
RING,-0.944,0.158,-0.079,Left,0.514,-0.381,0.62,0.453,A
MIDDLE,-0.969,-0.076,0.15,Away from you,0.723,-0.238,0.613,0.214,A
THUMB,0.853,-0.525,0.144,Right,0.3,0.319,-0.591,0.677,A
INDEX,-0.874,-0.144,0.293,Left,0.669,-0.392,0.404,0.485,A
PALM,1.031,0.161,0.131,Towards you,-0.747,-0.196,0.615,-0.159,A
PINKY,-0.825,0.416,0.291,Towards you,-0.162,-0.563,0.142,0.798,A
RING,-0.965,0.135,-0.051,Left,0.536,-0.36,0.624,0.439,A
MIDDLE,-0.954,-0.087,0.178,Away from you,0.739,-0.218,0.61,0.183,A
THUMB,0.877,-0.533,0.093,Right,0.321,0.301,-0.612,0.657,A
INDEX,-0.799,-0.14,0.342,Left,0.693,-0.385,0.395,0.465,A
PALM,0.998,0.157,0.147,Towards you,-0.756,-0.179,0.616,-0.127,A
PINKY,-0.78,0.384,0.334,Towards you,-0.163,-0.551,0.134,0.808,A
RING,-0.945,0.116,-0.018,Left,0.548,-0.36,0.614,0.438,A
MIDDLE,-0.959,-0.107,0.167,Away from you,0.748,-0.218,0.602,0.175,A
THUMB,0.867,-0.563,0.118,Right,0.332,0.289,-0.621,0.648,A
INDEX,-0.795,-0.115,0.343,Left,0.697,-0.384,0.393,0.461,A
PALM,1.006,0.164,0.162,Towards you,-0.758,-0.161,0.622,-0.111,A
PINKY,-0.838,0.411,0.253,Towards you,-0.173,-0.562,0.133,0.798,A
RING,-0.942,0.133,-0.043,Left,0.533,-0.366,0.625,0.436,A
MIDDLE,-0.93,-0.09,0.203,Away from you,0.736,-0.22,0.615,0.18,A
THUMB,0.839,-0.584,0.15,Right,0.342,0.268,-0.618,0.655,A
INDEX,-0.862,-0.144,0.295,Left,0.679,-0.396,0.402,0.47,A
PALM,1.019,0.169,0.095,Towards you,-0.746,-0.168,0.634,-0.116,A
PINKY,-0.843,0.385,0.256,Towards you,-0.202,-0.579,0.103,0.783,A
RING,-0.943,0.125,-0.079,Left,0.513,-0.395,0.618,0.447,A
MIDDLE,-0.961,-0.082,0.158,Away from you,0.723,-0.237,0.618,0.195,A
THUMB,0.843,-0.567,0.177,Right,0.336,0.261,-0.613,0.665,A
INDEX,-0.874,-0.103,0.261,Left,0.661,-0.405,0.403,0.486,A
PALM,1.027,0.139,0.081,Towards you,-0.739,-0.167,0.64,-0.125,A
PINKY,-0.825,0.41,0.25,Towards you,-0.228,-0.589,0.088,0.77,A
RING,-0.947,0.145,-0.129,Left,0.496,-0.41,0.615,0.455,A
MIDDLE,-0.966,-0.078,0.112,Away from you,0.714,-0.245,0.623,0.205,A
THUMB,0.83,-0.581,0.176,Right,0.335,0.251,-0.613,0.67,A
INDEX,-0.877,-0.12,0.252,Left,0.648,-0.416,0.404,0.494,A
PALM,1.027,0.146,0.06,Towards you,-0.733,-0.168,0.648,-0.122,A
PINKY,-0.833,0.396,0.246,Towards you,-0.244,-0.599,0.069,0.759,A
RING,-0.94,0.14,-0.114,Left,0.485,-0.427,0.611,0.458,A
MIDDLE,-0.979,-0.086,0.09,Away from you,0.708,-0.254,0.625,0.209,A
THUMB,0.798,-0.644,0.208,Right,0.335,0.242,-0.615,0.671,A
INDEX,-0.885,-0.121,0.242,Left,0.64,-0.425,0.402,0.498,A
PALM,1.02,0.156,0.083,Towards you,-0.732,-0.165,0.651,-0.116,A
PINKY,-0.81,0.409,0.268,Towards you,-0.263,-0.601,0.054,0.753,A
RING,-0.931,0.135,-0.113,Left,0.476,-0.437,0.604,0.467,A
MIDDLE,-0.988,-0.083,0.032,Away from you,0.703,-0.261,0.624,0.22,A
THUMB,0.736,-0.749,0.306,Right,0.338,0.233,-0.613,0.675,A
INDEX,-0.917,-0.123,0.203,Left,0.629,-0.431,0.406,0.503,A
PALM,1.008,0.187,0.12,Towards you,-0.728,-0.158,0.657,-0.114,A
PINKY,-0.843,0.429,0.203,Towards you,-0.292,-0.603,0.042,0.741,A
RING,-0.947,0.175,-0.221,Left,0.461,-0.445,0.601,0.477,A
MIDDLE,-0.984,-0.059,0.06,Away from you,0.698,-0.26,0.627,0.227,A
THUMB,0.805,-0.608,0.225,Right,0.346,0.232,-0.61,0.674,A
INDEX,-0.869,-0.096,0.253,Left,0.622,-0.429,0.4,0.518,A
PALM,1.028,0.135,0.058,Towards you,-0.731,-0.151,0.656,-0.114,A
PINKY,-0.823,0.408,0.243,Towards you,-0.306,-0.607,0.028,0.733,A
RING,-0.94,0.158,-0.122,Left,0.456,-0.454,0.593,0.484,A
MIDDLE,-0.969,-0.062,0.109,Away from you,0.701,-0.264,0.621,0.231,A
THUMB,0.82,-0.571,0.204,Right,0.353,0.23,-0.615,0.667,A
INDEX,-0.893,-0.091,0.239,Left,0.621,-0.431,0.393,0.524,A
PALM,1.027,0.136,0.013,Towards you,-0.734,-0.144,0.656,-0.105,A
PINKY,-0.815,0.412,0.254,Towards you,-0.325,-0.604,0.015,0.727,A
RING,-0.93,0.169,-0.089,Left,0.45,-0.46,0.585,0.493,A
MIDDLE,-0.95,-0.056,0.144,Away from you,0.702,-0.266,0.616,0.237,A
THUMB,0.812,-0.592,0.209,Right,0.36,0.227,-0.618,0.661,A
INDEX,-0.917,-0.132,0.211,Left,0.62,-0.434,0.389,0.526,A
PALM,1.035,0.164,-0.02,Towards you,-0.734,-0.134,0.66,-0.088,A
PINKY,-0.819,0.358,0.258,Towards you,-0.308,-0.602,0.013,0.737,A
RING,-0.938,0.1,-0.119,Left,0.474,-0.449,0.593,0.472,A
MIDDLE,-0.975,-0.117,0.112,Away from you,0.714,-0.253,0.623,0.195,A
THUMB,0.811,-0.609,0.216,Right,0.4,0.189,-0.638,0.63,A
INDEX,-0.895,-0.093,0.239,Left,0.65,-0.422,0.409,0.483,A
PALM,1.028,0.137,0.099,Towards you,-0.747,-0.095,0.658,-0.029,A
PINKY,-0.844,0.38,0.244,Towards you,-0.287,-0.604,0.029,0.743,A
RING,-0.946,0.12,-0.121,Left,0.482,-0.433,0.608,0.458,A
MIDDLE,-0.973,-0.118,0.092,Away from you,0.716,-0.233,0.635,0.172,A
THUMB,0.809,-0.588,0.189,Right,0.435,0.161,-0.643,0.609,A
INDEX,-0.865,-0.145,0.272,Left,0.664,-0.409,0.418,0.466,A
PALM,1.016,0.173,0.086,Towards you,-0.749,-0.069,0.659,0.004,A
PINKY,-0.827,0.392,0.251,Towards you,-0.291,-0.599,0.029,0.745,A
RING,-0.958,0.123,-0.135,Left,0.485,-0.429,0.607,0.46,A
MIDDLE,-0.967,-0.115,0.118,Away from you,0.719,-0.227,0.634,0.17,A
THUMB,0.827,-0.597,0.205,Right,0.443,0.153,-0.645,0.604,A
INDEX,-0.911,-0.12,0.208,Left,0.658,-0.413,0.416,0.473,A
PALM,1.022,0.178,0.058,Towards you,-0.747,-0.065,0.662,0.007,A
PINKY,-0.835,0.382,0.249,Towards you,-0.312,-0.603,0.004,0.734,A
RING,-0.945,0.104,-0.142,Left,0.474,-0.448,0.596,0.467,A
MIDDLE,-0.98,-0.107,0.043,Away from you,0.713,-0.241,0.634,0.179,A
THUMB,0.788,-0.657,0.213,Right,0.437,0.144,-0.646,0.609,A
INDEX,-0.881,-0.131,0.236,Left,0.646,-0.426,0.412,0.481,A
PALM,1.023,0.154,0.112,Towards you,-0.744,-0.068,0.664,0.005,A
PINKY,-0.825,0.383,0.253,Towards you,-0.331,-0.607,-0.015,0.722,A
RING,-0.938,0.132,-0.122,Left,0.464,-0.46,0.589,0.476,A
MIDDLE,-0.981,-0.083,0.079,Away from you,0.711,-0.245,0.632,0.188,A
THUMB,0.81,-0.602,0.213,Right,0.442,0.144,-0.643,0.608,A
INDEX,-0.887,-0.121,0.238,Left,0.637,-0.427,0.407,0.495,A
PALM,1.017,0.175,0.09,Towards you,-0.747,-0.062,0.662,0.005,A
PINKY,-0.838,0.402,0.23,Towards you,-0.354,-0.606,-0.028,0.712,A
RING,-0.939,0.129,-0.155,Left,0.453,-0.469,0.582,0.485,A
MIDDLE,-0.981,-0.099,0.074,Away from you,0.708,-0.249,0.63,0.197,A
THUMB,0.805,-0.618,0.208,Right,0.445,0.141,-0.643,0.607,A
INDEX,-0.862,-0.109,0.267,Left,0.632,-0.43,0.403,0.503,A
PALM,1.019,0.145,0.12,Towards you,-0.748,-0.058,0.661,0.009,A
PINKY,-0.87,0.355,0.212,Towards you,-0.359,-0.607,-0.042,0.708,A
RING,-0.94,0.069,-0.115,Left,0.46,-0.472,0.58,0.479,A
MIDDLE,-0.961,-0.089,0.114,Away from you,0.717,-0.244,0.629,0.174,A
THUMB,0.848,-0.56,0.133,Right,0.465,0.115,-0.661,0.577,A
INDEX,-0.883,-0.128,0.244,Left,0.659,-0.422,0.404,0.473,A
PALM,1.018,0.168,0.05,Towards you,-0.745,-0.024,0.663,0.069,A
PINKY,-0.828,0.381,0.28,Towards you,-0.329,-0.597,-0.02,0.731,A
RING,-0.938,0.112,-0.063,Left,0.491,-0.44,0.593,0.462,A
MIDDLE,-0.938,-0.136,0.173,Away from you,0.735,-0.214,0.629,0.139,A
THUMB,0.837,-0.57,0.149,Right,0.5,0.09,-0.67,0.541,A
INDEX,-0.859,-0.163,0.265,Left,0.681,-0.408,0.404,0.454,A
PALM,1.004,0.193,0.091,Towards you,-0.751,-0.003,0.653,0.101,A
PINKY,-0.819,0.371,0.301,Towards you,-0.337,-0.591,-0.027,0.732,A
RING,-0.947,0.093,-0.104,Left,0.488,-0.443,0.588,0.468,A
MIDDLE,-0.981,-0.109,0.084,Away from you,0.731,-0.215,0.632,0.143,A
THUMB,0.812,-0.615,0.169,Right,0.507,0.079,-0.666,0.542,A
INDEX,-0.867,-0.169,0.273,Left,0.674,-0.412,0.408,0.458,A
PALM,1.005,0.206,0.157,Towards you,-0.749,0.007,0.654,0.107,A
PINKY,-0.843,0.369,0.256,Towards you,-0.344,-0.593,-0.035,0.727,A
RING,-0.95,0.098,-0.13,Left,0.487,-0.446,0.591,0.463,A
MIDDLE,-0.962,-0.129,0.11,Away from you,0.729,-0.211,0.637,0.132,A
THUMB,0.812,-0.596,0.187,Right,0.522,0.059,-0.666,0.53,A
INDEX,-0.893,-0.166,0.201,Left,0.676,-0.414,0.418,0.444,A
PALM,1.019,0.202,0.09,Towards you,-0.741,0.028,0.657,0.134,A
PINKY,-0.868,0.327,0.245,Towards you,-0.325,-0.603,-0.043,0.727,A
RING,-0.964,0.042,-0.131,Left,0.495,-0.447,0.602,0.439,A
MIDDLE,-0.931,-0.177,0.092,Away from you,0.719,-0.208,0.655,0.101,A
THUMB,0.833,-0.612,0.085,Right,0.544,0.033,-0.672,0.502,A
INDEX,-0.864,-0.177,0.227,Left,0.695,-0.405,0.436,0.404,A
PALM,1.042,0.151,0.09,Towards you,-0.733,0.073,0.648,0.193,A
PINKY,-0.828,0.35,0.28,Towards you,-0.285,-0.606,-0.004,0.743,A
RING,-0.938,0.053,-0.074,Left,0.523,-0.4,0.631,0.41,A
MIDDLE,-0.955,-0.165,0.079,Away from you,0.731,-0.157,0.662,0.051,A
THUMB,0.853,-0.612,0.13,Towards you,0.576,-0.012,-0.679,0.455,A
INDEX,-0.885,-0.173,0.292,Left,0.711,-0.39,0.448,0.377,A
PALM,1.092,0.263,0.126,Towards you,-0.73,0.085,0.641,0.221,A
PINKY,-0.817,0.261,0.279,Towards you,-0.309,-0.596,-0.038,0.74,A
RING,-0.904,0.002,-0.008,Left,0.526,-0.422,0.602,0.428,A
MIDDLE,-0.914,-0.152,0.182,Away from you,0.744,-0.18,0.641,0.065,A
THUMB,0.888,-0.509,0.09,Towards you,0.566,0.009,-0.694,0.446,A
INDEX,-0.852,-0.161,0.292,Left,0.714,-0.395,0.418,0.399,A
PALM,0.994,0.244,0.191,Towards you,-0.743,0.072,0.622,0.236,A
PINKY,-0.861,0.291,0.288,Towards you,-0.329,-0.576,-0.054,0.746,A
RING,-0.947,0.053,-0.048,Left,0.53,-0.427,0.586,0.439,A
MIDDLE,-0.939,-0.156,0.154,Away from you,0.748,-0.185,0.633,0.068,A
THUMB,0.853,-0.548,0.102,Towards you,0.566,0.005,-0.697,0.44,A
INDEX,-0.859,-0.21,0.26,Left,0.709,-0.405,0.407,0.409,A
PALM,0.97,0.278,0.137,Towards you,-0.744,0.066,0.621,0.239,A
PINKY,-0.852,0.302,0.345,Towards you,-0.35,-0.573,-0.073,0.738,A
RING,-0.968,0.068,-0.044,Left,0.523,-0.439,0.577,0.448,A
MIDDLE,-0.951,-0.151,0.142,Away from you,0.746,-0.191,0.633,0.076,A
THUMB,0.852,-0.577,0.13,Towards you,0.57,-0.004,-0.694,0.439,A
INDEX,-0.868,-0.186,0.258,Left,0.699,-0.412,0.409,0.417,A
PALM,0.994,0.233,0.13,Towards you,-0.739,0.073,0.626,0.236,A
PINKY,-0.881,0.299,0.294,Towards you,-0.374,-0.579,-0.09,0.719,A
RING,-0.95,0.031,-0.097,Left,0.503,-0.456,0.571,0.462,A
MIDDLE,-0.943,-0.162,0.14,Away from you,0.74,-0.201,0.635,0.098,A
THUMB,0.863,-0.551,0.1,Towards you,0.571,0.003,-0.688,0.447,A
INDEX,-0.827,-0.188,0.269,Left,0.686,-0.418,0.401,0.441,A
PALM,0.984,0.233,0.19,Towards you,-0.747,0.069,0.621,0.226,A
PINKY,-0.862,0.314,0.31,Towards you,-0.404,-0.573,-0.108,0.705,A
RING,-0.967,0.054,-0.078,Left,0.49,-0.469,0.558,0.478,A
MIDDLE,-0.967,-0.159,0.13,Away from you,0.738,-0.21,0.631,0.111,A
THUMB,0.867,-0.563,0.119,Towards you,0.573,0.002,-0.686,0.447,A
INDEX,-0.859,-0.178,0.258,Left,0.677,-0.424,0.396,0.453,A
PALM,0.984,0.244,0.163,Towards you,-0.747,0.07,0.622,0.226,A
PINKY,-0.856,0.309,0.3,Towards you,-0.419,-0.57,-0.126,0.695,A
RING,-0.96,0.066,-0.072,Left,0.484,-0.481,0.549,0.484,A
MIDDLE,-0.954,-0.159,0.142,Away from you,0.737,-0.216,0.629,0.115,A
THUMB,0.869,-0.54,0.103,Towards you,0.575,-0.003,-0.688,0.442,A
INDEX,-0.858,-0.18,0.256,Left,0.672,-0.429,0.39,0.46,A
PALM,0.985,0.244,0.168,Towards you,-0.745,0.072,0.621,0.23,A
PINKY,-0.851,0.293,0.304,Right,-0.436,-0.568,-0.139,0.684,A
RING,-0.962,0.053,-0.067,Left,0.476,-0.489,0.542,0.491,A
MIDDLE,-0.963,-0.141,0.128,Away from you,0.736,-0.221,0.629,0.121,A
THUMB,0.846,-0.558,0.135,Towards you,0.581,-0.01,-0.686,0.438,A
INDEX,-0.857,-0.176,0.261,Left,0.667,-0.433,0.388,0.467,A
PALM,0.988,0.25,0.171,Towards you,-0.743,0.079,0.622,0.234,A
PINKY,-0.855,0.307,0.284,Right,-0.45,-0.566,-0.152,0.673,A
RING,-0.955,0.076,-0.085,Left,0.467,-0.497,0.536,0.497,A
MIDDLE,-0.96,-0.142,0.127,Away from you,0.734,-0.224,0.629,0.126,A
THUMB,0.86,-0.564,0.12,Towards you,0.585,-0.017,-0.685,0.433,A
INDEX,-0.857,-0.183,0.267,Left,0.662,-0.436,0.384,0.474,A
PALM,0.99,0.245,0.17,Towards you,-0.742,0.083,0.621,0.239,A
PINKY,-0.857,0.316,0.301,Right,-0.467,-0.561,-0.165,0.663,A
RING,-0.955,0.057,-0.079,Left,0.46,-0.505,0.527,0.505,A
MIDDLE,-0.956,-0.148,0.133,Away from you,0.734,-0.229,0.626,0.131,A
THUMB,0.858,-0.56,0.121,Towards you,0.587,-0.022,-0.686,0.428,A
INDEX,-0.867,-0.175,0.252,Left,0.656,-0.442,0.378,0.482,A
PALM,0.989,0.238,0.17,Towards you,-0.74,0.085,0.621,0.242,A
PINKY,-0.843,0.318,0.299,Right,-0.484,-0.557,-0.179,0.65,A
RING,-0.956,0.072,-0.075,Left,0.45,-0.515,0.519,0.513,A
MIDDLE,-0.964,-0.17,0.122,Away from you,0.732,-0.235,0.625,0.139,A
THUMB,0.853,-0.572,0.118,Towards you,0.591,-0.027,-0.685,0.426,A
INDEX,-0.869,-0.176,0.252,Left,0.647,-0.447,0.375,0.49,A
PALM,0.997,0.229,0.166,Towards you,-0.739,0.089,0.623,0.242,A
PINKY,-0.855,0.318,0.285,Right,-0.499,-0.556,-0.193,0.636,A
RING,-0.945,0.068,-0.076,Left,0.441,-0.523,0.513,0.518,A
MIDDLE,-0.953,-0.145,0.13,Away from you,0.73,-0.238,0.625,0.144,A
THUMB,0.854,-0.563,0.124,Towards you,0.595,-0.034,-0.683,0.421,A
INDEX,-0.87,-0.177,0.249,Left,0.643,-0.45,0.371,0.497,A
PALM,0.993,0.229,0.146,Towards you,-0.736,0.094,0.623,0.247,A
PINKY,-0.857,0.31,0.289,Right,-0.514,-0.552,-0.206,0.623,A
RING,-0.949,0.073,-0.082,Left,0.431,-0.532,0.505,0.525,A
MIDDLE,-0.949,-0.147,0.12,Away from you,0.727,-0.244,0.624,0.152,A
THUMB,0.846,-0.561,0.134,Towards you,0.598,-0.038,-0.682,0.42,A
INDEX,-0.854,-0.17,0.264,Left,0.635,-0.455,0.367,0.505,A
PALM,0.997,0.233,0.15,Towards you,-0.736,0.097,0.623,0.247,A
PINKY,-0.858,0.321,0.282,Right,-0.529,-0.55,-0.22,0.608,A
RING,-0.949,0.078,-0.084,Left,0.42,-0.54,0.499,0.531,A
MIDDLE,-0.956,-0.135,0.124,Away from you,0.724,-0.247,0.624,0.157,A
THUMB,0.857,-0.55,0.132,Towards you,0.604,-0.046,-0.68,0.414,A
INDEX,-0.874,-0.16,0.246,Left,0.629,-0.458,0.365,0.511,A
PALM,0.99,0.227,0.14,Towards you,-0.733,0.104,0.623,0.252,A
PINKY,-0.854,0.313,0.282,Right,-0.544,-0.546,-0.232,0.594,A
RING,-0.954,0.07,-0.1,Left,0.41,-0.549,0.492,0.537,A
MIDDLE,-0.962,-0.131,0.106,Away from you,0.721,-0.252,0.624,0.164,A
THUMB,0.851,-0.552,0.131,Towards you,0.607,-0.052,-0.678,0.411,A
INDEX,-0.869,-0.166,0.248,Left,0.622,-0.462,0.362,0.518,A
PALM,0.996,0.23,0.156,Towards you,-0.731,0.108,0.623,0.255,A
PINKY,-0.86,0.324,0.274,Right,-0.558,-0.541,-0.245,0.58,A
RING,-0.961,0.075,-0.104,Left,0.401,-0.556,0.485,0.543,A
MIDDLE,-0.969,-0.137,0.101,Away from you,0.719,-0.255,0.624,0.168,A
THUMB,0.853,-0.553,0.138,Towards you,0.612,-0.06,-0.676,0.406,A
INDEX,-0.872,-0.166,0.245,Left,0.617,-0.465,0.359,0.524,A
PALM,0.998,0.223,0.154,Towards you,-0.728,0.115,0.623,0.261,A
PINKY,-0.854,0.315,0.278,Right,-0.568,-0.536,-0.255,0.57,A
RING,-0.948,0.075,-0.095,Left,0.397,-0.56,0.478,0.547,A
MIDDLE,-0.967,-0.126,0.103,Away from you,0.72,-0.257,0.622,0.169,A
THUMB,0.862,-0.559,0.125,Towards you,0.617,-0.068,-0.676,0.397,A
INDEX,-0.877,-0.174,0.241,Left,0.614,-0.468,0.355,0.527,A
PALM,0.999,0.234,0.159,Towards you,-0.725,0.119,0.622,0.271,A
PINKY,-0.857,0.316,0.29,Right,-0.581,-0.528,-0.267,0.559,A
RING,-0.958,0.07,-0.086,Left,0.391,-0.567,0.469,0.553,A
MIDDLE,-0.957,-0.149,0.111,Away from you,0.72,-0.261,0.619,0.172,A
THUMB,0.855,-0.548,0.129,Towards you,0.619,-0.075,-0.678,0.389,A
INDEX,-0.864,-0.16,0.251,Left,0.611,-0.471,0.348,0.533,A
PALM,0.99,0.25,0.153,Towards you,-0.724,0.122,0.62,0.278,A
PINKY,-0.856,0.316,0.284,Right,-0.593,-0.52,-0.281,0.546,A
RING,-0.946,0.064,-0.087,Left,0.385,-0.574,0.46,0.558,A
MIDDLE,-0.954,-0.141,0.123,Away from you,0.72,-0.266,0.617,0.175,A
THUMB,0.859,-0.553,0.118,Towards you,0.622,-0.083,-0.678,0.382,A
INDEX,-0.874,-0.178,0.242,Left,0.606,-0.476,0.343,0.537,A
PALM,0.998,0.245,0.155,Towards you,-0.72,0.127,0.62,0.284,A
PINKY,-0.865,0.309,0.271,Right,-0.603,-0.516,-0.295,0.532,A
RING,-0.949,0.057,-0.1,Left,0.376,-0.582,0.453,0.56,A
MIDDLE,-0.957,-0.138,0.102,Away from you,0.716,-0.271,0.618,0.178,A
THUMB,0.84,-0.573,0.142,Towards you,0.626,-0.092,-0.675,0.38,A
INDEX,-0.874,-0.175,0.238,Left,0.599,-0.481,0.342,0.541,A
PALM,0.997,0.238,0.136,Towards you,-0.716,0.132,0.623,0.286,A
PINKY,-0.862,0.318,0.273,Right,-0.615,-0.511,-0.307,0.517,A
RING,-0.955,0.056,-0.113,Left,0.366,-0.59,0.446,0.565,A
MIDDLE,-0.964,-0.14,0.089,Away from you,0.713,-0.275,0.619,0.182,A
THUMB,0.853,-0.566,0.124,Towards you,0.629,-0.1,-0.673,0.375,A
INDEX,-0.876,-0.173,0.23,Left,0.593,-0.485,0.338,0.547,A
PALM,0.992,0.229,0.153,Towards you,-0.713,0.138,0.622,0.291,A
PINKY,-0.859,0.311,0.269,Right,-0.626,-0.505,-0.32,0.5,A
RING,-0.949,0.069,-0.105,Left,0.355,-0.598,0.438,0.569,A
MIDDLE,-0.965,-0.139,0.093,Away from you,0.709,-0.28,0.619,0.19,A
THUMB,0.842,-0.582,0.135,Towards you,0.633,-0.105,-0.67,0.373,A
INDEX,-0.879,-0.165,0.228,Left,0.582,-0.491,0.336,0.554,A
PALM,1.0,0.224,0.135,Towards you,-0.711,0.143,0.624,0.29,A
PINKY,-0.861,0.313,0.259,Right,-0.636,-0.502,-0.336,0.48,A
RING,-0.953,0.064,-0.122,Left,0.341,-0.61,0.43,0.572,A
MIDDLE,-0.969,-0.143,0.076,Away from you,0.702,-0.287,0.621,0.197,A
THUMB,0.834,-0.587,0.145,Towards you,0.636,-0.112,-0.665,0.375,A
INDEX,-0.885,-0.16,0.216,Left,0.571,-0.498,0.335,0.56,A
PALM,0.995,0.219,0.116,Towards you,-0.707,0.148,0.628,0.29,A
PINKY,-0.882,0.301,0.238,Right,-0.644,-0.497,-0.352,0.462,B
RING,-0.954,0.057,-0.139,Left,0.331,-0.621,0.422,0.572,B
MIDDLE,-0.955,-0.129,0.07,Away from you,0.697,-0.295,0.623,0.2,B
THUMB,0.822,-0.583,0.167,Towards you,0.638,-0.121,-0.662,0.375,B
INDEX,-0.876,-0.156,0.211,Left,0.56,-0.506,0.332,0.566,B
PALM,0.989,0.219,0.094,Towards you,-0.703,0.151,0.632,0.289,B
PINKY,-0.973,0.37,0.209,Right,-0.656,-0.494,-0.369,0.434,B
RING,-0.891,0.062,-0.142,Left,0.308,-0.634,0.414,0.577,B
MIDDLE,-0.999,-0.148,0.061,Away from you,0.686,-0.304,0.624,0.217,B
THUMB,0.823,-0.603,0.156,Towards you,0.64,-0.121,-0.655,0.383,B
INDEX,-0.893,-0.132,0.203,Left,0.543,-0.516,0.328,0.576,B
PALM,1.02,0.182,0.094,Towards you,-0.702,0.152,0.636,0.282,B
PINKY,-0.875,0.273,0.233,Right,-0.674,-0.477,-0.389,0.408,B
RING,-0.954,0.04,-0.152,Left,0.291,-0.646,0.388,0.589,B
MIDDLE,-0.977,-0.099,0.068,Left,0.684,-0.318,0.613,0.236,B
THUMB,0.83,-0.549,0.197,Towards you,0.639,-0.106,-0.657,0.386,B
INDEX,-0.897,-0.139,0.222,Left,0.526,-0.512,0.313,0.603,B
PALM,1.002,0.181,0.165,Towards you,-0.717,0.145,0.625,0.273,B
PINKY,-0.854,0.363,0.243,Right,-0.702,-0.462,-0.389,0.376,B
RING,-0.944,0.101,-0.15,Left,0.266,-0.644,0.375,0.611,B
MIDDLE,-0.983,-0.085,0.068,Left,0.684,-0.316,0.603,0.262,B
THUMB,0.845,-0.546,0.195,Towards you,0.642,-0.094,-0.657,0.383,B
INDEX,-0.883,-0.123,0.238,Left,0.51,-0.511,0.303,0.622,B
PALM,1.009,0.206,0.135,Towards you,-0.722,0.144,0.622,0.265,B
PINKY,-0.836,0.348,0.27,Right,-0.715,-0.449,-0.406,0.349,B
RING,-0.947,0.094,-0.101,Left,0.249,-0.654,0.358,0.618,B
MIDDLE,-0.969,-0.104,0.088,Left,0.679,-0.327,0.598,0.274,B
THUMB,0.838,-0.575,0.18,Towards you,0.642,-0.096,-0.657,0.383,B
INDEX,-0.886,-0.131,0.227,Left,0.5,-0.517,0.295,0.629,B
PALM,1.013,0.187,0.128,Towards you,-0.719,0.148,0.624,0.267,B
PINKY,-0.856,0.356,0.234,Right,-0.72,-0.444,-0.418,0.332,B
RING,-0.944,0.114,-0.124,Left,0.239,-0.661,0.352,0.618,B
MIDDLE,-0.966,-0.1,0.085,Left,0.675,-0.33,0.6,0.276,B
THUMB,0.844,-0.545,0.182,Towards you,0.647,-0.104,-0.654,0.378,B
INDEX,-0.884,-0.123,0.219,Left,0.494,-0.52,0.293,0.632,B
PALM,1.015,0.188,0.123,Towards you,-0.715,0.155,0.625,0.272,B
PINKY,-0.853,0.357,0.239,Right,-0.727,-0.435,-0.429,0.315,B
RING,-0.943,0.118,-0.135,Left,0.23,-0.667,0.344,0.62,B
MIDDLE,-0.968,-0.088,0.081,Left,0.671,-0.334,0.6,0.28,B
THUMB,0.84,-0.568,0.188,Towards you,0.65,-0.112,-0.652,0.374,B
INDEX,-0.892,-0.123,0.216,Left,0.487,-0.524,0.289,0.636,B
PALM,1.016,0.177,0.112,Towards you,-0.711,0.162,0.626,0.276,B
PINKY,-0.856,0.365,0.225,Right,-0.733,-0.426,-0.44,0.297,B
RING,-0.938,0.11,-0.133,Left,0.22,-0.672,0.334,0.623,B
MIDDLE,-0.968,-0.103,0.08,Left,0.669,-0.339,0.597,0.284,B
THUMB,0.83,-0.573,0.185,Towards you,0.652,-0.12,-0.651,0.368,B
INDEX,-0.887,-0.124,0.215,Left,0.482,-0.528,0.283,0.639,B
PALM,1.012,0.181,0.106,Towards you,-0.708,0.166,0.626,0.282,B
PINKY,-0.856,0.355,0.232,Right,-0.74,-0.415,-0.45,0.28,B
RING,-0.943,0.109,-0.136,Towards you,0.211,-0.678,0.323,0.625,B
MIDDLE,-0.967,-0.104,0.072,Left,0.667,-0.344,0.595,0.288,B
THUMB,0.832,-0.579,0.181,Towards you,0.654,-0.125,-0.651,0.365,B
INDEX,-0.892,-0.124,0.217,Left,0.475,-0.532,0.278,0.643,B
PALM,1.015,0.181,0.108,Towards you,-0.705,0.17,0.626,0.287,B
PINKY,-0.855,0.363,0.231,Right,-0.745,-0.405,-0.459,0.263,B
RING,-0.944,0.1,-0.137,Towards you,0.202,-0.683,0.315,0.628,B
MIDDLE,-0.978,-0.101,0.074,Left,0.665,-0.347,0.594,0.291,B
THUMB,0.826,-0.564,0.194,Towards you,0.658,-0.132,-0.649,0.358,B
INDEX,-0.89,-0.127,0.216,Left,0.469,-0.534,0.275,0.647,B
PALM,1.016,0.184,0.109,Towards you,-0.702,0.177,0.625,0.293,B
PINKY,-0.855,0.359,0.22,Right,-0.75,-0.397,-0.469,0.246,B
RING,-0.94,0.118,-0.147,Towards you,0.193,-0.687,0.308,0.629,B
MIDDLE,-0.973,-0.092,0.065,Left,0.662,-0.35,0.594,0.295,B
THUMB,0.832,-0.581,0.192,Towards you,0.662,-0.139,-0.646,0.353,B
INDEX,-0.889,-0.124,0.223,Left,0.464,-0.536,0.272,0.65,B
PALM,1.008,0.179,0.11,Towards you,-0.699,0.184,0.624,0.298,B
PINKY,-0.862,0.35,0.23,Right,-0.755,-0.386,-0.478,0.23,B
RING,-0.941,0.112,-0.159,Towards you,0.185,-0.692,0.298,0.63,B
MIDDLE,-0.974,-0.086,0.059,Left,0.659,-0.354,0.593,0.298,B
THUMB,0.834,-0.566,0.188,Towards you,0.665,-0.146,-0.644,0.348,B
INDEX,-0.894,-0.123,0.217,Left,0.458,-0.54,0.267,0.654,B
PALM,1.011,0.18,0.103,Towards you,-0.695,0.188,0.624,0.304,B
PINKY,-0.867,0.349,0.21,Right,-0.759,-0.375,-0.488,0.212,B
RING,-0.942,0.111,-0.156,Towards you,0.176,-0.697,0.288,0.632,B
MIDDLE,-0.967,-0.086,0.062,Left,0.657,-0.358,0.59,0.301,B
THUMB,0.833,-0.572,0.201,Towards you,0.668,-0.151,-0.643,0.343,B
INDEX,-0.893,-0.132,0.216,Left,0.451,-0.543,0.262,0.658,B
PALM,1.014,0.187,0.091,Towards you,-0.692,0.193,0.622,0.31,B
PINKY,-0.855,0.361,0.228,Right,-0.765,-0.364,-0.494,0.196,B
RING,-0.946,0.107,-0.146,Towards you,0.168,-0.699,0.278,0.636,B
MIDDLE,-0.976,-0.105,0.069,Left,0.657,-0.362,0.586,0.306,B
THUMB,0.829,-0.591,0.196,Towards you,0.669,-0.156,-0.644,0.337,B
INDEX,-0.892,-0.13,0.21,Left,0.446,-0.545,0.254,0.663,B
PALM,1.012,0.184,0.12,Towards you,-0.691,0.196,0.62,0.316,B
PINKY,-0.859,0.361,0.22,Right,-0.769,-0.352,-0.503,0.178,B
RING,-0.951,0.093,-0.148,Towards you,0.159,-0.704,0.267,0.639,B
MIDDLE,-0.969,-0.115,0.069,Left,0.655,-0.367,0.583,0.31,B
THUMB,0.821,-0.582,0.188,Towards you,0.67,-0.165,-0.644,0.33,B
INDEX,-0.898,-0.132,0.203,Left,0.439,-0.549,0.249,0.666,B
PALM,1.012,0.178,0.088,Towards you,-0.687,0.201,0.621,0.32,B
PINKY,-0.863,0.349,0.222,Right,-0.772,-0.34,-0.513,0.16,B
RING,-0.942,0.113,-0.149,Towards you,0.15,-0.708,0.257,0.64,B
MIDDLE,-0.969,-0.096,0.064,Left,0.653,-0.37,0.582,0.314,B
THUMB,0.836,-0.574,0.182,Towards you,0.675,-0.169,-0.642,0.323,B
INDEX,-0.882,-0.129,0.23,Left,0.434,-0.549,0.244,0.672,B
PALM,1.01,0.182,0.131,Towards you,-0.687,0.206,0.616,0.326,B
PINKY,-0.862,0.365,0.203,Away from you,-0.778,-0.328,-0.518,0.141,B
RING,-0.945,0.115,-0.165,Towards you,0.14,-0.71,0.247,0.644,B
MIDDLE,-0.965,-0.106,0.072,Left,0.652,-0.373,0.578,0.32,B
THUMB,0.832,-0.586,0.169,Towards you,0.676,-0.173,-0.642,0.317,B
INDEX,-0.864,-0.139,0.261,Left,0.427,-0.55,0.235,0.678,B
PALM,1.014,0.189,0.14,Towards you,-0.686,0.206,0.614,0.332,B
PINKY,-0.858,0.356,0.212,Away from you,-0.781,-0.314,-0.526,0.122,B
RING,-0.938,0.106,-0.128,Towards you,0.131,-0.714,0.234,0.647,B
MIDDLE,-0.965,-0.111,0.09,Left,0.65,-0.379,0.573,0.324,B
THUMB,0.844,-0.558,0.161,Towards you,0.677,-0.179,-0.642,0.312,B
INDEX,-0.893,-0.133,0.209,Left,0.421,-0.554,0.23,0.68,B
PALM,1.02,0.188,0.071,Left,-0.68,0.214,0.615,0.338,B
PINKY,-0.853,0.356,0.238,Away from you,-0.783,-0.303,-0.533,0.108,B
RING,-0.942,0.103,-0.112,Towards you,0.126,-0.716,0.226,0.648,B
MIDDLE,-0.959,-0.098,0.1,Left,0.65,-0.381,0.572,0.326,B
THUMB,0.838,-0.585,0.175,Towards you,0.68,-0.186,-0.64,0.305,B
INDEX,-0.912,-0.136,0.192,Left,0.417,-0.557,0.226,0.682,B
PALM,1.015,0.185,0.086,Left,-0.676,0.221,0.614,0.344,B
PINKY,-0.848,0.353,0.245,Away from you,-0.784,-0.291,-0.54,0.091,B
RING,-0.94,0.102,-0.119,Towards you,0.116,-0.721,0.216,0.649,B
MIDDLE,-0.973,-0.119,0.062,Left,0.646,-0.386,0.57,0.329,B
THUMB,0.821,-0.61,0.188,Towards you,0.683,-0.194,-0.637,0.3,B
INDEX,-0.895,-0.124,0.199,Left,0.409,-0.561,0.223,0.684,B
PALM,1.015,0.192,0.095,Left,-0.672,0.227,0.613,0.349,B
PINKY,-0.855,0.354,0.228,Away from you,-0.785,-0.28,-0.548,0.074,B
RING,-0.944,0.098,-0.154,Towards you,0.108,-0.725,0.207,0.648,B
MIDDLE,-0.98,-0.102,0.045,Left,0.643,-0.389,0.57,0.331,B
THUMB,0.821,-0.584,0.19,Towards you,0.687,-0.202,-0.634,0.294,B
INDEX,-0.89,-0.128,0.208,Left,0.405,-0.562,0.219,0.687,B
PALM,1.011,0.206,0.124,Left,-0.668,0.233,0.61,0.357,B
PINKY,-0.873,0.355,0.199,Away from you,-0.786,-0.267,-0.554,0.058,B
RING,-0.946,0.093,-0.157,Towards you,0.101,-0.728,0.198,0.648,B
MIDDLE,-0.97,-0.11,0.062,Left,0.641,-0.393,0.568,0.333,B
THUMB,0.823,-0.587,0.18,Towards you,0.688,-0.208,-0.632,0.289,B
INDEX,-0.887,-0.13,0.223,Left,0.399,-0.566,0.213,0.69,B
PALM,1.014,0.181,0.095,Left,-0.664,0.237,0.61,0.362,B
PINKY,-0.865,0.333,0.221,Away from you,-0.785,-0.254,-0.563,0.042,B
RING,-0.938,0.093,-0.121,Towards you,0.094,-0.732,0.186,0.648,B
MIDDLE,-0.962,-0.111,0.08,Left,0.64,-0.398,0.565,0.336,B
THUMB,0.812,-0.601,0.195,Towards you,0.689,-0.216,-0.632,0.283,B
INDEX,-0.898,-0.13,0.194,Left,0.393,-0.569,0.207,0.692,B
PALM,1.015,0.19,0.073,Left,-0.658,0.244,0.61,0.368,B
PINKY,-0.848,0.352,0.246,Away from you,-0.787,-0.241,-0.568,0.025,B
RING,-0.943,0.104,-0.144,Towards you,0.086,-0.734,0.177,0.65,B
MIDDLE,-0.974,-0.106,0.038,Left,0.638,-0.401,0.564,0.338,B
THUMB,0.819,-0.607,0.182,Towards you,0.692,-0.224,-0.628,0.277,B
INDEX,-0.908,-0.141,0.179,Left,0.387,-0.573,0.203,0.693,B
PALM,1.013,0.207,0.08,Left,-0.653,0.25,0.609,0.374,B
PINKY,-0.864,0.35,0.214,Away from you,-0.786,-0.229,-0.575,0.008,B
RING,-0.939,0.092,-0.175,Towards you,0.078,-0.738,0.168,0.648,B
MIDDLE,-0.98,-0.127,0.037,Left,0.634,-0.406,0.564,0.34,B
THUMB,0.819,-0.614,0.175,Towards you,0.694,-0.232,-0.625,0.271,B
INDEX,-0.889,-0.143,0.201,Left,0.383,-0.575,0.199,0.695,B
PALM,1.015,0.191,0.085,Left,-0.647,0.258,0.607,0.383,B
PINKY,-0.858,0.346,0.228,Away from you,-0.786,-0.222,-0.577,0.003,B
RING,-0.947,0.083,-0.151,Towards you,0.082,-0.737,0.169,0.649,B
MIDDLE,-0.972,-0.115,0.057,Left,0.642,-0.399,0.566,0.33,B
THUMB,0.816,-0.603,0.172,Towards you,0.699,-0.251,-0.622,0.247,B
INDEX,-0.896,-0.141,0.191,Left,0.394,-0.572,0.201,0.691,B
PALM,1.016,0.203,0.087,Left,-0.635,0.272,0.599,0.404,B
PINKY,-0.868,0.335,0.22,Away from you,-0.787,-0.214,-0.579,-0.006,B
RING,-0.948,0.088,-0.158,Towards you,0.079,-0.738,0.163,0.65,B
MIDDLE,-0.973,-0.123,0.05,Left,0.642,-0.4,0.565,0.33,B
THUMB,0.814,-0.605,0.171,Towards you,0.702,-0.26,-0.619,0.239,B
INDEX,-0.892,-0.15,0.201,Left,0.39,-0.574,0.197,0.693,B
PALM,1.012,0.191,0.087,Left,-0.63,0.279,0.596,0.411,B
PINKY,-0.874,0.329,0.203,Away from you,-0.785,-0.209,-0.583,-0.011,B
RING,-0.94,0.083,-0.175,Towards you,0.087,-0.738,0.171,0.647,B
MIDDLE,-0.984,-0.104,0.031,Left,0.651,-0.386,0.577,0.308,B
THUMB,0.813,-0.599,0.173,Towards you,0.71,-0.294,-0.607,0.203,B
INDEX,-0.898,-0.137,0.202,Left,0.418,-0.568,0.215,0.676,B
PALM,1.006,0.209,0.09,Left,-0.601,0.315,0.584,0.446,B
PINKY,-0.849,0.337,0.237,Away from you,-0.785,-0.225,-0.577,0.01,B
RING,-0.951,0.077,-0.112,Towards you,0.106,-0.732,0.193,0.645,B
MIDDLE,-0.957,-0.127,0.096,Left,0.66,-0.37,0.585,0.292,B
THUMB,0.818,-0.597,0.161,Towards you,0.715,-0.317,-0.596,0.18,B
INDEX,-0.899,-0.154,0.178,Left,0.427,-0.567,0.22,0.669,B
PALM,1.011,0.206,0.044,Left,-0.586,0.33,0.581,0.458,B
PINKY,-0.879,0.32,0.195,Away from you,-0.78,-0.214,-0.588,0.001,B
RING,-0.94,0.071,-0.18,Towards you,0.107,-0.74,0.187,0.637,B
MIDDLE,-0.973,-0.155,0.028,Left,0.657,-0.374,0.591,0.281,B
THUMB,0.794,-0.662,0.147,Towards you,0.716,-0.339,-0.585,0.174,B
INDEX,-0.888,-0.218,0.19,Left,0.431,-0.575,0.221,0.66,B
PALM,1.018,0.247,0.048,Left,-0.563,0.348,0.579,0.477,B
PINKY,-0.918,0.344,0.167,Away from you,-0.778,-0.223,-0.587,0.019,B
RING,-0.939,0.084,-0.169,Towards you,0.125,-0.736,0.207,0.633,B
MIDDLE,-0.932,-0.115,0.079,Left,0.667,-0.353,0.601,0.263,B
THUMB,0.796,-0.596,0.125,Towards you,0.722,-0.358,-0.575,0.14,B
INDEX,-0.885,-0.186,0.189,Left,0.442,-0.566,0.23,0.657,B
PALM,1.015,0.218,0.048,Left,-0.555,0.362,0.566,0.49,B
PINKY,-0.875,0.317,0.18,Away from you,-0.776,-0.209,-0.596,-0.007,B
RING,-0.929,0.057,-0.188,Towards you,0.108,-0.744,0.19,0.632,B
MIDDLE,-0.947,-0.143,0.022,Left,0.656,-0.368,0.601,0.271,B
THUMB,0.783,-0.657,0.177,Towards you,0.725,-0.364,-0.566,0.15,B
INDEX,-0.931,-0.183,0.149,Left,0.424,-0.58,0.227,0.658,B
PALM,1.008,0.219,0.016,Left,-0.551,0.367,0.571,0.485,B
PINKY,-0.87,0.351,0.199,Away from you,-0.777,-0.194,-0.598,-0.031,B
RING,-0.935,0.079,-0.16,Towards you,0.092,-0.743,0.178,0.639,B
MIDDLE,-0.975,-0.154,0.043,Left,0.658,-0.366,0.594,0.283,B
THUMB,0.797,-0.64,0.175,Towards you,0.727,-0.36,-0.568,0.136,B
INDEX,-0.894,-0.134,0.202,Left,0.419,-0.569,0.223,0.672,B
PALM,1.016,0.178,0.097,Left,-0.558,0.37,0.553,0.496,B
PINKY,-0.869,0.331,0.204,Away from you,-0.781,-0.185,-0.594,-0.056,B
RING,-0.94,0.084,-0.166,Towards you,0.077,-0.74,0.168,0.646,B
MIDDLE,-0.972,-0.106,0.042,Left,0.655,-0.367,0.59,0.297,B
THUMB,0.803,-0.622,0.199,Towards you,0.732,-0.355,-0.566,0.134,B
INDEX,-0.903,-0.132,0.201,Left,0.4,-0.572,0.217,0.682,B
PALM,1.017,0.186,0.076,Left,-0.563,0.369,0.554,0.49,B
PINKY,-0.866,0.339,0.197,Away from you,-0.774,-0.163,-0.606,-0.083,B
RING,-0.942,0.089,-0.163,Towards you,0.061,-0.749,0.15,0.642,B
MIDDLE,-0.967,-0.111,0.049,Left,0.646,-0.379,0.588,0.305,B
THUMB,0.804,-0.615,0.182,Towards you,0.733,-0.357,-0.562,0.139,B
INDEX,-0.901,-0.14,0.177,Left,0.386,-0.58,0.21,0.686,B
PALM,1.024,0.175,0.044,Left,-0.558,0.373,0.557,0.488,B
PINKY,-0.884,0.322,0.174,Away from you,-0.767,-0.146,-0.616,-0.103,B
RING,-0.935,0.082,-0.179,Towards you,0.049,-0.756,0.135,0.639,B
MIDDLE,-0.968,-0.118,0.047,Left,0.641,-0.387,0.587,0.31,B
THUMB,0.793,-0.608,0.191,Towards you,0.734,-0.362,-0.558,0.136,B
INDEX,-0.9,-0.133,0.187,Left,0.378,-0.583,0.204,0.689,B
PALM,1.019,0.176,0.06,Left,-0.554,0.379,0.553,0.493,B
PINKY,-0.878,0.331,0.173,Away from you,-0.765,-0.133,-0.619,-0.121,B
RING,-0.941,0.096,-0.184,Towards you,0.04,-0.758,0.126,0.639,B
MIDDLE,-0.974,-0.117,0.024,Left,0.638,-0.39,0.585,0.314,B
THUMB,0.791,-0.631,0.197,Towards you,0.736,-0.367,-0.553,0.131,B
INDEX,-0.901,-0.131,0.177,Left,0.371,-0.587,0.199,0.692,B
PALM,1.016,0.194,0.04,Left,-0.549,0.384,0.553,0.496,B
PINKY,-0.877,0.34,0.182,Away from you,-0.761,-0.116,-0.623,-0.14,B
RING,-0.933,0.085,-0.192,Towards you,0.03,-0.761,0.112,0.639,B
MIDDLE,-0.974,-0.114,0.016,Left,0.634,-0.398,0.582,0.319,B
THUMB,0.785,-0.638,0.196,Towards you,0.736,-0.371,-0.551,0.131,B
INDEX,-0.906,-0.145,0.172,Left,0.36,-0.592,0.191,0.695,B
PALM,1.02,0.202,0.048,Left,-0.545,0.386,0.553,0.498,B
PINKY,-0.878,0.339,0.174,Away from you,-0.757,-0.1,-0.627,-0.158,B
RING,-0.938,0.09,-0.194,Towards you,0.02,-0.763,0.1,0.638,B
MIDDLE,-0.969,-0.106,0.026,Left,0.631,-0.402,0.579,0.323,B
THUMB,0.793,-0.624,0.184,Towards you,0.737,-0.376,-0.548,0.124,B
INDEX,-0.905,-0.14,0.172,Towards you,0.354,-0.593,0.185,0.699,B
PALM,1.018,0.186,0.033,Left,-0.54,0.392,0.549,0.503,B
PINKY,-0.87,0.336,0.185,Away from you,-0.753,-0.088,-0.628,-0.176,B
RING,-0.942,0.081,-0.195,Towards you,0.012,-0.765,0.091,0.638,B
MIDDLE,-0.969,-0.125,0.017,Left,0.629,-0.405,0.578,0.325,B
THUMB,0.776,-0.65,0.2,Towards you,0.738,-0.383,-0.543,0.119,B
INDEX,-0.923,-0.112,0.138,Towards you,0.348,-0.597,0.183,0.699,B
PALM,1.015,0.177,0.036,Left,-0.534,0.402,0.546,0.505,B
PINKY,-0.855,0.353,0.196,Away from you,-0.749,-0.074,-0.629,-0.194,B
RING,-0.93,0.1,-0.226,Towards you,0.001,-0.765,0.081,0.639,B
MIDDLE,-0.993,-0.077,-0.047,Left,0.626,-0.407,0.577,0.332,B
THUMB,0.779,-0.638,0.217,Towards you,0.741,-0.384,-0.538,0.114,B
INDEX,-0.897,-0.134,0.185,Towards you,0.336,-0.597,0.177,0.707,B
PALM,1.021,0.192,0.072,Left,-0.536,0.401,0.543,0.507,B
PINKY,-0.885,0.342,0.146,Away from you,-0.74,-0.054,-0.633,-0.22,B
RING,-0.933,0.087,-0.216,Towards you,-0.017,-0.769,0.061,0.636,B
MIDDLE,-0.974,-0.127,0.016,Left,0.617,-0.42,0.569,0.344,B
THUMB,0.797,-0.633,0.18,Towards you,0.739,-0.382,-0.542,0.12,B
INDEX,-0.895,-0.134,0.187,Towards you,0.322,-0.602,0.163,0.713,B
PALM,1.02,0.19,0.048,Left,-0.534,0.401,0.545,0.507,B
PINKY,-0.885,0.33,0.157,Away from you,-0.731,-0.035,-0.638,-0.237,B
RING,-0.938,0.079,-0.206,Towards you,-0.026,-0.773,0.046,0.632,B
MIDDLE,-0.963,-0.134,0.016,Left,0.612,-0.429,0.567,0.347,B
THUMB,0.768,-0.657,0.208,Towards you,0.74,-0.388,-0.537,0.12,B
INDEX,-0.912,-0.14,0.146,Towards you,0.311,-0.609,0.157,0.712,B
PALM,1.023,0.177,-0.007,Left,-0.528,0.407,0.548,0.505,B
PINKY,-0.88,0.334,0.161,Away from you,-0.722,-0.018,-0.643,-0.255,B
RING,-0.931,0.083,-0.195,Towards you,-0.038,-0.775,0.033,0.63,B
MIDDLE,-0.97,-0.106,0.011,Left,0.608,-0.434,0.564,0.353,B
THUMB,0.789,-0.631,0.188,Towards you,0.741,-0.39,-0.534,0.116,B
INDEX,-0.917,-0.124,0.146,Towards you,0.303,-0.61,0.151,0.716,B
PALM,1.018,0.174,0.019,Left,-0.525,0.412,0.543,0.509,B
PINKY,-0.88,0.33,0.156,Away from you,-0.716,-0.004,-0.643,-0.272,B
RING,-0.935,0.081,-0.206,Towards you,-0.046,-0.775,0.023,0.63,B
MIDDLE,-0.975,-0.103,-0.002,Left,0.606,-0.437,0.562,0.355,B
THUMB,0.776,-0.635,0.201,Towards you,0.742,-0.396,-0.53,0.11,B
INDEX,-0.91,-0.132,0.142,Towards you,0.297,-0.613,0.146,0.718,B
PALM,1.021,0.184,0.015,Left,-0.518,0.418,0.541,0.514,B
PINKY,-0.882,0.339,0.144,Away from you,-0.71,0.01,-0.644,-0.286,B
RING,-0.938,0.077,-0.205,Towards you,-0.052,-0.777,0.015,0.628,B
MIDDLE,-0.977,-0.103,0.004,Left,0.605,-0.438,0.562,0.356,B
THUMB,0.778,-0.64,0.209,Towards you,0.743,-0.402,-0.525,0.097,B
INDEX,-0.903,-0.131,0.149,Towards you,0.297,-0.609,0.147,0.72,B
PALM,1.016,0.194,0.001,Left,-0.51,0.429,0.529,0.526,B
PINKY,-0.861,0.373,0.182,Away from you,-0.708,0.008,-0.641,-0.297,B
RING,-0.938,0.14,-0.18,Towards you,-0.06,-0.773,0.022,0.631,B
INDEX,-0.898,-0.1,0.187,Towards you,0.293,-0.602,0.15,0.727,B
RING,-0.927,0.095,-0.215,Towards you,-0.071,-0.773,0.007,0.63,B
MIDDLE,-0.97,-0.098,0.022,Left,0.604,-0.433,0.56,0.366,B
INDEX,-0.917,-0.111,0.159,Towards you,0.274,-0.608,0.133,0.734,B
PALM,1.024,0.178,0.027,Left,-0.493,0.451,0.506,0.546,B
PINKY,-0.87,0.36,0.158,Away from you,-0.679,0.064,-0.635,-0.362,B
RING,-0.929,0.102,-0.196,Towards you,-0.095,-0.772,-0.021,0.628,B
MIDDLE,-0.964,-0.081,0.04,Left,0.6,-0.44,0.553,0.375,B
THUMB,0.813,-0.603,0.173,Towards you,0.749,-0.422,-0.508,0.056,B
INDEX,-0.911,-0.146,0.17,Towards you,0.268,-0.609,0.126,0.736,B
PALM,1.026,0.166,-0.001,Left,-0.488,0.455,0.502,0.55,B
PINKY,-0.862,0.371,0.17,Away from you,-0.671,0.076,-0.634,-0.377,B
RING,-0.934,0.105,-0.182,Towards you,-0.104,-0.771,-0.03,0.627,B
MIDDLE,-0.974,-0.112,0.016,Left,0.598,-0.442,0.551,0.379,B
THUMB,0.778,-0.659,0.213,Towards you,0.75,-0.428,-0.502,0.049,B
INDEX,-0.901,-0.112,0.176,Towards you,0.262,-0.61,0.123,0.738,B
PALM,1.026,0.163,0.054,Left,-0.482,0.461,0.496,0.555,B
PINKY,-0.872,0.356,0.154,Away from you,-0.662,0.09,-0.632,-0.393,B
RING,-0.932,0.098,-0.209,Towards you,-0.113,-0.771,-0.041,0.625,B
MIDDLE,-0.969,-0.088,0.017,Left,0.595,-0.446,0.549,0.382,B
THUMB,0.791,-0.627,0.198,Towards you,0.75,-0.432,-0.499,0.043,B
INDEX,-0.894,-0.133,0.192,Towards you,0.254,-0.61,0.117,0.741,B
